x_circle,y_circle,radius,curve_x,curve_y,free_span_status,stability_percentage
0.0,0.0,196.20683960179835,"[-986.99999999 -983.04108215 -979.08216432 -975.12324648 -971.16432865
 -967.20541081 -963.24649298 -959.28757514 -955.3286573  -951.36973947
 -947.41082163 -943.4519038  -939.49298596 -935.53406813 -931.57515029
 -927.61623246 -923.65731462 -919.69839678 -915.73947895 -911.78056111
 -907.82164328 -903.86272544 -899.90380761 -895.94488977 -891.98597193
 -888.0270541  -884.06813626 -880.10921843 -876.15030059 -872.19138276
 -868.23246492 -864.27354708 -860.31462925 -856.35571141 -852.39679358
 -848.43787574 -844.47895791 -840.52004007 -836.56112223 -832.6022044
 -828.64328656 -824.68436873 -820.72545089 -816.76653306 -812.80761522
 -808.84869739 -804.88977955 -800.93086171 -796.97194388 -793.01302604
 -789.05410821 -785.09519037 -781.13627254 -777.1773547  -773.21843686
 -769.25951903 -765.30060119 -761.34168336 -757.38276552 -753.42384769
 -749.46492985 -745.50601201 -741.54709418 -737.58817634 -733.62925851
 -729.67034067 -725.71142284 -721.752505   -717.79358716 -713.83466933
 -709.87575149 -705.91683366 -701.95791582 -697.99899799 -694.04008015
 -690.08116231 -686.12224448 -682.16332664 -678.20440881 -674.24549097
 -670.28657314 -666.3276553  -662.36873747 -658.40981963 -654.45090179
 -650.49198396 -646.53306612 -642.57414829 -638.61523045 -634.65631262
 -630.69739478 -626.73847694 -622.77955911 -618.82064127 -614.86172344
 -610.9028056  -606.94388777 -602.98496993 -599.02605209 -595.06713426
 -591.10821642 -587.14929859 -583.19038075 -579.23146292 -575.27254508
 -571.31362724 -567.35470941 -563.39579157 -559.43687374 -555.4779559
 -551.51903807 -547.56012023 -543.6012024  -539.64228456 -535.68336672
 -531.72444889 -527.76553105 -523.80661322 -519.84769538 -515.88877755
 -511.92985971 -507.97094187 -504.01202404 -500.0531062  -496.09418837
 -492.13527053 -488.1763527  -484.21743486 -480.25851702 -476.29959919
 -472.34068135 -468.38176352 -464.42284568 -460.46392785 -456.50501001
 -452.54609217 -448.58717434 -444.6282565  -440.66933867 -436.71042083
 -432.751503   -428.79258516 -424.83366732 -420.87474949 -416.91583165
 -412.95691382 -408.99799598 -405.03907815 -401.08016031 -397.12124248
 -393.16232464 -389.2034068  -385.24448897 -381.28557113 -377.3266533
 -373.36773546 -369.40881763 -365.44989979 -361.49098195 -357.53206412
 -353.57314628 -349.61422845 -345.65531061 -341.69639278 -337.73747494
 -333.7785571  -329.81963927 -325.86072143 -321.9018036  -317.94288576
 -313.98396793 -310.02505009 -306.06613225 -302.10721442 -298.14829658
 -294.18937875 -290.23046091 -286.27154308 -282.31262524 -278.35370741
 -274.39478957 -270.43587173 -266.4769539  -262.51803606 -258.55911823
 -254.60020039 -250.64128256 -246.68236472 -242.72344688 -238.76452905
 -234.80561121 -230.84669338 -226.88777554 -222.92885771 -218.96993987
 -215.01102203 -211.0521042  -207.09318636 -203.13426853 -199.17535069
 -195.21643286 -191.25751502 -187.29859718 -183.33967935 -179.38076151
 -175.42184368 -171.46292584 -167.50400801 -163.54509017 -159.58617234
 -155.6272545  -151.66833666 -147.70941883 -143.75050099 -139.79158316
 -135.83266532 -131.87374749 -127.91482965 -123.95591181 -119.99699398
 -116.03807614 -112.07915831 -108.12024047 -104.16132264 -100.2024048
  -96.24348696  -92.28456913  -88.32565129  -84.36673346  -80.40781562
  -76.44889779  -72.48997995  -68.53106211  -64.57214428  -60.61322644
  -56.65430861  -52.69539077  -48.73647294  -44.7775551   -40.81863726
  -36.85971943  -32.90080159  -28.94188376  -24.98296592  -21.02404809
  -17.06513025  -13.10621242   -9.14729458   -5.18837674   -1.22945891
    2.72945893    6.68837676   10.6472946    14.60621243   18.56513027
   22.52404811   26.48296594   30.44188378   34.40080161   38.35971945
   42.31863728   46.27755512   50.23647296   54.19539079   58.15430863
   62.11322646   66.0721443    70.03106213   73.98997997   77.94889781
   81.90781564   85.86673348   89.82565131   93.78456915   97.74348698
  101.70240482  105.66132265  109.62024049  113.57915833  117.53807616
  121.496994    125.45591183  129.41482967  133.3737475   137.33266534
  141.29158318  145.25050101  149.20941885  153.16833668  157.12725452
  161.08617235  165.04509019  169.00400803  172.96292586  176.9218437
  180.88076153  184.83967937  188.7985972   192.75751504  196.71643288
  200.67535071  204.63426855  208.59318638  212.55210422  216.51102205
  220.46993989  224.42885773  228.38777556  232.3466934   236.30561123
  240.26452907  244.2234469   248.18236474  252.14128257  256.10020041
  260.05911825  264.01803608  267.97695392  271.93587175  275.89478959
  279.85370742  283.81262526  287.7715431   291.73046093  295.68937877
  299.6482966   303.60721444  307.56613227  311.52505011  315.48396795
  319.44288578  323.40180362  327.36072145  331.31963929  335.27855712
  339.23747496  343.1963928   347.15531063  351.11422847  355.0731463
  359.03206414  362.99098197  366.94989981  370.90881764  374.86773548
  378.82665332  382.78557115  386.74448899  390.70340682  394.66232466
  398.62124249  402.58016033  406.53907817  410.497996    414.45691384
  418.41583167  422.37474951  426.33366734  430.29258518  434.25150302
  438.21042085  442.16933869  446.12825652  450.08717436  454.04609219
  458.00501003  461.96392787  465.9228457   469.88176354  473.84068137
  477.79959921  481.75851704  485.71743488  489.67635272  493.63527055
  497.59418839  501.55310622  505.51202406  509.47094189  513.42985973
  517.38877756  521.3476954   525.30661324  529.26553107  533.22444891
  537.18336674  541.14228458  545.10120241  549.06012025  553.01903809
  556.97795592  560.93687376  564.89579159  568.85470943  572.81362726
  576.7725451   580.73146294  584.69038077  588.64929861  592.60821644
  596.56713428  600.52605211  604.48496995  608.44388779  612.40280562
  616.36172346  620.32064129  624.27955913  628.23847696  632.1973948
  636.15631263  640.11523047  644.07414831  648.03306614  651.99198398
  655.95090181  659.90981965  663.86873748  667.82765532  671.78657316
  675.74549099  679.70440883  683.66332666  687.6222445   691.58116233
  695.54008017  699.49899801  703.45791584  707.41683368  711.37575151
  715.33466935  719.29358718  723.25250502  727.21142286  731.17034069
  735.12925853  739.08817636  743.0470942   747.00601203  750.96492987
  754.92384771  758.88276554  762.84168338  766.80060121  770.75951905
  774.71843688  778.67735472  782.63627255  786.59519039  790.55410823
  794.51302606  798.4719439   802.43086173  806.38977957  810.3486974
  814.30761524  818.26653308  822.22545091  826.18436875  830.14328658
  834.10220442  838.06112225  842.02004009  845.97895793  849.93787576
  853.8967936   857.85571143  861.81462927  865.7735471   869.73246494
  873.69138278  877.65030061  881.60921845  885.56813628  889.52705412
  893.48597195  897.44488979  901.40380762  905.36272546  909.3216433
  913.28056113  917.23947897  921.1983968   925.15731464  929.11623247
  933.07515031  937.03406815  940.99298598  944.95190382  948.91082165
  952.86973949  956.82865732  960.78757516  964.746493    968.70541083
  972.66432867  976.6232465   980.58216434  984.54108217  988.50000001]","[-392.26911963 -391.41114052 -387.86895087 -384.32676123 -383.76911963
 -383.76911963 -379.60762272 -375.56098695 -375.26911963 -375.26911963
 -367.64211562 -366.76911963 -366.76911963 -366.76911963 -366.76911963
 -359.57861362 -358.26911963 -358.26911963 -353.17221318 -350.21640747
 -349.76911963 -349.64629504 -346.10410539 -342.56191575 -341.26911963
 -334.95160961 -330.23479675 -324.44083879 -320.36196203 -315.98130487
 -315.76911963 -315.76911963 -315.76911963 -311.72871273 -307.67183551
 -307.26911963 -307.26911963 -299.8742048  -298.76911963 -298.76911963
 -298.76911963 -298.76911963 -298.76911963 -295.1841889  -291.08878882
 -290.26911963 -290.26911963 -290.26911963 -286.86255651 -282.40877394
 -281.26911963 -281.26911963 -281.26911963 -281.26911963 -281.26911963
 -281.26911963 -281.26911963 -287.44252895 -290.05381402 -290.26911963
 -290.26911963 -290.26911963 -290.26911963 -290.26911963 -290.26911963
 -290.26911963 -290.26911963 -290.26911963 -290.26911963 -290.26911963
 -290.26911963 -290.26911963 -290.75414231 -294.29633195 -297.83852159
 -298.76911963 -298.76911963 -298.76911963 -298.76911963 -298.76911963
 -300.89703839 -306.75692282 -307.26911963 -307.26911963 -307.26911963
 -307.26911963 -307.26911963 -307.26911963 -307.26911963 -307.26911963
 -307.26911963 -307.26911963 -310.5376268  -314.85927821 -315.76911963
 -315.76911963 -318.65544784 -322.3944258  -324.26911963 -324.26911963
 -324.26911963 -324.26911963 -324.26911963 -324.26911963 -324.26911963
 -324.26911963 -329.89753436 -332.76911963 -332.76911963 -332.76911963
 -332.76911963 -332.76911963 -334.71674522 -340.26508858 -341.26911963
 -341.26911963 -341.26911963 -341.26911963 -341.26911963 -341.36863445
 -344.91082409 -348.45301374 -349.76911963 -349.76911963 -349.76911963
 -349.76911963 -349.76911963 -349.76911963 -355.59477093 -358.26911963
 -358.26911963 -358.26911963 -358.26911963 -358.26911963 -358.26911963
 -358.26911963 -361.73288298 -366.07257437 -366.76911963 -366.76911963
 -366.76911963 -366.76911963 -366.76911963 -366.76911963 -366.76911963
 -366.76911963 -370.09742842 -374.21453285 -375.26911963 -375.26911963
 -375.26911963 -375.26911963 -375.26911963 -375.26911963 -375.26911963
 -380.86268176 -383.76911963 -383.76911963 -383.76911963 -383.76911963
 -383.76911963 -385.70928085 -391.24472602 -392.26911963 -392.26911963
 -392.26911963 -392.26911963 -392.26911963 -392.36214779 -396.11270153
 -399.86325527 -401.26911963 -401.26911963 -401.26911963 -401.26911963
 -405.66273445 -409.06402405 -409.76911963 -412.74860033 -416.89520763
 -418.26911963 -418.26911963 -418.26911963 -418.26911963 -418.26911963
 -418.26911963 -418.26911963 -423.4553081  -426.35456018 -426.76911963
 -426.76911963 -426.76911963 -426.76911963 -426.76911963 -426.76911963
 -426.76911963 -426.76911963 -426.76911963 -426.76911963 -426.76911963
 -426.76911963 -426.76911963 -426.76911963 -426.76911963 -426.76911963
 -426.76911963 -426.76911963 -426.76911963 -426.76911963 -426.76911963
 -426.76911963 -426.76911963 -426.76911963 -426.76911963 -426.76911963
 -426.76911963 -426.76911963 -430.18963457 -434.29894047 -435.26911963
 -435.26911963 -435.26911963 -435.26911963 -435.26911963 -435.26911963
 -435.26911963 -435.26911963 -435.26911963 -435.26911963 -435.26911963
 -434.01659292 -429.18573024 -426.76911963 -426.76911963 -426.76911963
 -426.76911963 -426.76911963 -426.76911963 -426.76911963 -426.76911963
 -426.76911963 -426.76911963 -426.76911963 -423.62229968 -420.08011003
 -418.26911963 -418.26911963 -416.86851337 -411.69655755 -406.69743278
 -402.55862401 -396.73248386 -392.8172874  -389.48987694 -385.94768729
 -383.76911963 -379.74197701 -374.83046129 -369.36287251 -364.15290895
 -359.97557732 -358.26911963 -358.26911963 -355.72347278 -351.98449483
 -349.76911963 -349.76911963 -349.76911963 -344.91964683 -341.78518425
 -341.26911963 -341.26911963 -341.26911963 -341.26911963 -341.26911963
 -341.26911963 -341.26911963 -341.26911963 -341.26911963 -341.26911963
 -341.26911963 -341.26911963 -344.32449354 -347.86668318 -349.76911963
 -349.76911963 -352.26424031 -356.45181338 -358.26911963 -358.26911963
 -361.03043173 -364.57262137 -366.76911963 -366.76911963 -366.76911963
 -371.44145016 -374.69943152 -375.26911963 -375.26911963 -378.59434904
 -382.13653868 -383.76911963 -383.76911963 -386.59862647 -390.75791812
 -392.26911963 -392.26911963 -392.26911963 -392.26911963 -392.26911963
 -392.26911963 -392.26911963 -392.26911963 -392.26911963 -392.26911963
 -392.26911963 -392.26911963 -392.26911963 -392.26911963 -392.26911963
 -389.37281957 -385.08555685 -383.76911963 -383.76911963 -383.76911963
 -383.76911963 -383.76911963 -383.76911963 -382.44504841 -377.63900884
 -375.26911963 -375.26911963 -371.57879646 -367.54089395 -364.28304221
 -360.74085257 -358.26911963 -351.39906703 -342.21039026 -335.89429932
 -330.51617897 -326.02319188 -324.26911963 -320.57745853 -316.83848058
 -314.14935201 -309.16753716 -304.48366813 -300.20664686 -293.11167975
 -288.79467073 -283.66509909 -281.26911963 -281.26911963 -281.26911963
 -280.1924539  -275.40512663 -270.1817928  -266.00201826 -260.74952873
 -256.612306   -255.76911963 -255.76911963 -255.76911963 -252.45054609
 -247.26414618 -242.07144159 -237.10699878 -232.02727177 -230.26911963
 -230.26911963 -230.26911963 -228.93492778 -223.91595394 -218.84740664
 -214.69591352 -213.26911963 -213.26911963 -213.26911963 -213.26911963
 -213.26911963 -208.28026693 -204.76911963 -204.76911963 -204.76911963
 -204.76911963 -204.76911963 -204.76911963 -204.76911963 -207.00761837
 -211.21689578 -213.26911963 -213.26911963 -213.26911963 -213.26911963
 -213.26911963 -213.26911963 -213.26911963 -218.89887915 -221.76911963
 -221.76911963 -224.56974262 -228.73147718 -230.26911963 -230.26911963
 -230.26911963 -232.62439735 -236.86167431 -238.76911963 -238.76911963
 -238.76911963 -238.76911963 -241.51967337 -245.06186301 -248.10758996
 -252.44567061 -255.76911963 -255.76911963 -258.73340863 -263.30620206
 -264.26911963 -264.26911963 -264.26911963 -264.26911963 -264.26911963
 -269.66678997 -272.76911963 -272.76911963 -272.76911963 -275.95732938
 -279.69630734 -281.26911963 -281.26911963 -281.26911963 -281.26911963
 -281.26911963 -281.26911963 -281.26911963 -281.26911963 -281.26911963
 -281.26911963 -281.26911963 -281.26911963 -281.26911963 -281.26911963
 -284.16898186 -289.09741909 -288.13284709 -284.17392925 -281.26911963
 -281.26911963 -281.26911963 -281.26911963 -280.09579826 -275.44738075
 -272.76911963 -272.76911963 -272.76911963 -272.76911963 -272.76911963
 -272.76911963 -272.76911963 -272.76911963 -272.76911963 -272.76911963
 -272.76911963 -272.76911963 -272.76911963 -272.76911963 -272.76911963
 -272.76911963 -272.76911963 -272.76911963 -272.76911963 -272.76911963
 -272.76911963 -275.40402101 -278.94621066 -281.26911963 -281.26911963
 -282.55193526 -287.29824037 -290.26911963 -290.26911963 -290.26911963
 -290.26911963 -292.53644375 -296.0786334  -298.76911963 -298.76911963
 -298.76911963 -298.76911963 -298.76911963 -298.76911963 -302.39311763
 -307.26911963 -307.26911963 -307.26911963 -307.26911963 -307.26911963]",Free-span,29.95619998176313
0.0,0.0,198.9413463663084,"[-987.03621015 -983.07729232 -979.11837448 -975.15945665 -971.20053881
 -967.24162098 -963.28270314 -959.3237853  -955.36486747 -951.40594963
 -947.4470318  -943.48811396 -939.52919613 -935.57027829 -931.61136045
 -927.65244262 -923.69352478 -919.73460695 -915.77568911 -911.81677128
 -907.85785344 -903.8989356  -899.94001777 -895.98109993 -892.0221821
 -888.06326426 -884.10434643 -880.14542859 -876.18651076 -872.22759292
 -868.26867508 -864.30975725 -860.35083941 -856.39192158 -852.43300374
 -848.47408591 -844.51516807 -840.55625023 -836.5973324  -832.63841456
 -828.67949673 -824.72057889 -820.76166106 -816.80274322 -812.84382538
 -808.88490755 -804.92598971 -800.96707188 -797.00815404 -793.04923621
 -789.09031837 -785.13140053 -781.1724827  -777.21356486 -773.25464703
 -769.29572919 -765.33681136 -761.37789352 -757.41897569 -753.46005785
 -749.50114001 -745.54222218 -741.58330434 -737.62438651 -733.66546867
 -729.70655084 -725.747633   -721.78871516 -717.82979733 -713.87087949
 -709.91196166 -705.95304382 -701.99412599 -698.03520815 -694.07629031
 -690.11737248 -686.15845464 -682.19953681 -678.24061897 -674.28170114
 -670.3227833  -666.36386546 -662.40494763 -658.44602979 -654.48711196
 -650.52819412 -646.56927629 -642.61035845 -638.65144061 -634.69252278
 -630.73360494 -626.77468711 -622.81576927 -618.85685144 -614.8979336
 -610.93901577 -606.98009793 -603.02118009 -599.06226226 -595.10334442
 -591.14442659 -587.18550875 -583.22659092 -579.26767308 -575.30875524
 -571.34983741 -567.39091957 -563.43200174 -559.4730839  -555.51416607
 -551.55524823 -547.59633039 -543.63741256 -539.67849472 -535.71957689
 -531.76065905 -527.80174122 -523.84282338 -519.88390554 -515.92498771
 -511.96606987 -508.00715204 -504.0482342  -500.08931637 -496.13039853
 -492.1714807  -488.21256286 -484.25364502 -480.29472719 -476.33580935
 -472.37689152 -468.41797368 -464.45905585 -460.50013801 -456.54122017
 -452.58230234 -448.6233845  -444.66446667 -440.70554883 -436.746631
 -432.78771316 -428.82879532 -424.86987749 -420.91095965 -416.95204182
 -412.99312398 -409.03420615 -405.07528831 -401.11637047 -397.15745264
 -393.1985348  -389.23961697 -385.28069913 -381.3217813  -377.36286346
 -373.40394562 -369.44502779 -365.48610995 -361.52719212 -357.56827428
 -353.60935645 -349.65043861 -345.69152078 -341.73260294 -337.7736851
 -333.81476727 -329.85584943 -325.8969316  -321.93801376 -317.97909593
 -314.02017809 -310.06126025 -306.10234242 -302.14342458 -298.18450675
 -294.22558891 -290.26667108 -286.30775324 -282.3488354  -278.38991757
 -274.43099973 -270.4720819  -266.51316406 -262.55424623 -258.59532839
 -254.63641055 -250.67749272 -246.71857488 -242.75965705 -238.80073921
 -234.84182138 -230.88290354 -226.92398571 -222.96506787 -219.00615003
 -215.0472322  -211.08831436 -207.12939653 -203.17047869 -199.21156086
 -195.25264302 -191.29372518 -187.33480735 -183.37588951 -179.41697168
 -175.45805384 -171.49913601 -167.54021817 -163.58130033 -159.6223825
 -155.66346466 -151.70454683 -147.74562899 -143.78671116 -139.82779332
 -135.86887548 -131.90995765 -127.95103981 -123.99212198 -120.03320414
 -116.07428631 -112.11536847 -108.15645064 -104.1975328  -100.23861496
  -96.27969713  -92.32077929  -88.36186146  -84.40294362  -80.44402579
  -76.48510795  -72.52619011  -68.56727228  -64.60835444  -60.64943661
  -56.69051877  -52.73160094  -48.7726831   -44.81376526  -40.85484743
  -36.89592959  -32.93701176  -28.97809392  -25.01917609  -21.06025825
  -17.10134041  -13.14242258   -9.18350474   -5.22458691   -1.26566907
    2.69324876    6.6521666    10.61108444   14.57000227   18.52892011
   22.48783794   26.44675578   30.40567361   34.36459145   38.32350928
   42.28242712   46.24134496   50.20026279   54.15918063   58.11809846
   62.0770163    66.03593413   69.99485197   73.95376981   77.91268764
   81.87160548   85.83052331   89.78944115   93.74835898   97.70727682
  101.66619466  105.62511249  109.58403033  113.54294816  117.501866
  121.46078383  125.41970167  129.37861951  133.33753734  137.29645518
  141.25537301  145.21429085  149.17320868  153.13212652  157.09104435
  161.04996219  165.00888003  168.96779786  172.9267157   176.88563353
  180.84455137  184.8034692   188.76238704  192.72130488  196.68022271
  200.63914055  204.59805838  208.55697622  212.51589405  216.47481189
  220.43372973  224.39264756  228.3515654   232.31048323  236.26940107
  240.2283189   244.18723674  248.14615458  252.10507241  256.06399025
  260.02290808  263.98182592  267.94074375  271.89966159  275.85857943
  279.81749726  283.7764151   287.73533293  291.69425077  295.6531686
  299.61208644  303.57100427  307.52992211  311.48883995  315.44775778
  319.40667562  323.36559345  327.32451129  331.28342912  335.24234696
  339.2012648   343.16018263  347.11910047  351.0780183   355.03693614
  358.99585397  362.95477181  366.91368965  370.87260748  374.83152532
  378.79044315  382.74936099  386.70827882  390.66719666  394.6261145
  398.58503233  402.54395017  406.502868    410.46178584  414.42070367
  418.37962151  422.33853934  426.29745718  430.25637502  434.21529285
  438.17421069  442.13312852  446.09204636  450.05096419  454.00988203
  457.96879987  461.9277177   465.88663554  469.84555337  473.80447121
  477.76338904  481.72230688  485.68122472  489.64014255  493.59906039
  497.55797822  501.51689606  505.47581389  509.43473173  513.39364957
  517.3525674   521.31148524  525.27040307  529.22932091  533.18823874
  537.14715658  541.10607442  545.06499225  549.02391009  552.98282792
  556.94174576  560.90066359  564.85958143  568.81849926  572.7774171
  576.73633494  580.69525277  584.65417061  588.61308844  592.57200628
  596.53092411  600.48984195  604.44875979  608.40767762  612.36659546
  616.32551329  620.28443113  624.24334896  628.2022668   632.16118464
  636.12010247  640.07902031  644.03793814  647.99685598  651.95577381
  655.91469165  659.87360949  663.83252732  667.79144516  671.75036299
  675.70928083  679.66819866  683.6271165   687.58603433  691.54495217
  695.50387001  699.46278784  703.42170568  707.38062351  711.33954135
  715.29845918  719.25737702  723.21629486  727.17521269  731.13413053
  735.09304836  739.0519662   743.01088403  746.96980187  750.92871971
  754.88763754  758.84655538  762.80547321  766.76439105  770.72330888
  774.68222672  778.64114456  782.60006239  786.55898023  790.51789806
  794.4768159   798.43573373  802.39465157  806.35356941  810.31248724
  814.27140508  818.23032291  822.18924075  826.14815858  830.10707642
  834.06599425  838.02491209  841.98382993  845.94274776  849.9016656
  853.86058343  857.81950127  861.7784191   865.73733694  869.69625478
  873.65517261  877.61409045  881.57300828  885.53192612  889.49084395
  893.44976179  897.40867963  901.36759746  905.3265153   909.28543313
  913.24435097  917.2032688   921.16218664  925.12110448  929.08002231
  933.03894015  936.99785798  940.95677582  944.91569365  948.87461149
  952.83352932  956.79244716  960.751365    964.71028283  968.66920067
  972.6281185   976.58703634  980.54595417  984.50487201  988.46378985]","[-311.91699279 -311.91699279 -311.91699279 -311.91699279 -311.91699279
 -311.91699279 -308.63267415 -305.16862105 -299.65132201 -297.57545257
 -297.41699279 -296.98428527 -293.85882382 -290.73336237 -289.91699279
 -283.9953996  -279.99214309 -276.52808999 -275.91699279 -275.91699279
 -270.35486854 -268.81584312 -265.89874577 -262.98164842 -261.91699279
 -261.91699279 -259.96241697 -255.06261737 -251.54850582 -248.08445271
 -242.97210301 -241.03666964 -238.05059333 -234.97143501 -233.91699279
 -229.24170471 -227.12653688 -220.39206794 -216.35697445 -212.509325
 -211.28573027 -208.36863291 -205.45153556 -199.25842566 -192.33031944
 -186.78090812 -184.30627135 -178.54600081 -176.91699279 -176.91699279
 -176.57018807 -173.49102975 -170.41187144 -169.91699279 -169.91699279
 -169.91699279 -169.91699279 -169.91699279 -169.91699279 -169.91699279
 -169.91699279 -169.91699279 -169.91699279 -169.91699279 -175.81579039
 -176.91699279 -176.91699279 -181.17932997 -183.5697984  -183.91699279
 -183.91699279 -183.91699279 -187.90972826 -190.47993117 -190.91699279
 -188.36300982 -184.89895672 -183.91699279 -183.91699279 -183.91699279
 -182.31027936 -177.34704039 -173.73963808 -170.27558498 -165.25880141
 -161.59747876 -156.61664209 -155.91699279 -155.91699279 -155.91699279
 -155.91699279 -150.20932746 -148.91699279 -148.91699279 -148.91699279
 -148.91699279 -148.91699279 -148.91699279 -148.91699279 -152.76637906
 -155.4321481  -155.91699279 -155.91699279 -155.91699279 -155.91699279
 -155.91699279 -155.91699279 -155.91699279 -155.91699279 -155.91699279
 -155.91699279 -155.91699279 -155.91699279 -155.91699279 -155.91699279
 -155.91699279 -155.91699279 -155.91699279 -155.91699279 -155.91699279
 -155.91699279 -155.91699279 -155.91699279 -155.91699279 -153.37440762
 -149.91035451 -148.91699279 -148.91699279 -148.91699279 -148.91699279
 -151.76312951 -154.84228783 -155.91699279 -155.91699279 -157.44605091
 -162.2002468  -165.90321524 -169.36726834 -170.74765411 -174.70657195
 -176.91699279 -179.72348077 -183.18753387 -188.01888407 -191.86564009
 -196.66104339 -197.91699279 -197.91699279 -197.91699279 -197.91699279
 -202.88292465 -204.91699279 -204.91699279 -208.47968067 -211.33658197
 -211.91699279 -211.91699279 -211.91699279 -215.29159246 -218.9435459
 -219.41699279 -219.41699279 -219.41699279 -219.41699279 -219.41699279
 -219.41699279 -219.41699279 -219.41699279 -219.41699279 -219.41699279
 -215.2683024  -212.44042263 -211.91699279 -211.91699279 -209.07889554
 -206.16179819 -204.91699279 -200.14219319 -195.56553989 -192.10148678
 -187.49765411 -184.54518668 -183.91699279 -183.91699279 -183.91699279
 -180.94216814 -177.47811504 -172.5625965  -168.80000882 -163.92043718
 -162.91699279 -162.91699279 -162.91699279 -161.63142165 -157.19003888
 -153.30163708 -149.83758397 -144.74785771 -141.72819932 -141.41699279
 -141.41699279 -141.41699279 -141.41699279 -141.41699279 -141.41699279
 -143.71111493 -147.47804933 -148.91699279 -148.91699279 -150.90485086
 -154.16513614 -155.91699279 -155.91699279 -155.91699279 -160.12803989
 -162.55270171 -162.91699279 -162.76701923 -162.57457184 -162.38212444
 -162.18967705 -161.99722965 -161.80478226 -161.61233486 -161.41988747
 -161.22744007 -157.60298978 -155.91699279 -155.91699279 -155.91699279
 -155.91699279 -155.91699279 -155.91699279 -155.91699279 -159.04963307
 -162.19323277 -162.91699279 -162.91699279 -162.91699279 -162.91699279
 -162.91699279 -162.91699279 -164.25491864 -168.62685001 -169.91699279
 -169.91699279 -170.31078037 -174.2696982  -176.91699279 -179.34121624
 -182.80526934 -183.91699279 -185.07518417 -187.78454039 -191.00116113
 -194.21778187 -197.43440261 -200.65102335 -203.86764409 -207.08426483
 -210.44580041 -211.91699279 -211.91699279 -211.91699279 -211.91699279
 -211.91699279 -211.86383384 -208.94673649 -206.02963914 -204.91699279
 -204.91699279 -202.40860101 -198.9445479  -197.91699279 -197.91699279
 -197.91699279 -197.91699279 -197.91699279 -197.91699279 -197.91699279
 -197.91699279 -197.91699279 -197.91699279 -197.91699279 -197.91699279
 -197.91699279 -197.91699279 -197.91699279 -197.91699279 -197.91699279
 -197.91699279 -199.24921974 -203.60975331 -204.91699279 -204.91699279
 -208.69799229 -212.84354163 -217.76440815 -219.41699279 -219.41699279
 -219.41699279 -220.46418062 -224.89925213 -226.91699279 -226.91699279
 -226.91699279 -226.91699279 -226.91699279 -224.60876979 -220.92471162
 -219.41699279 -219.41699279 -219.41699279 -217.51161424 -213.78564813
 -209.17150181 -205.57163541 -199.70732345 -197.91699279 -197.91699279
 -197.91699279 -194.9516176  -191.87245928 -190.91699279 -190.91699279
 -190.91699279 -190.91699279 -190.91699279 -190.91699279 -190.91699279
 -190.91699279 -190.91699279 -190.91699279 -190.91699279 -190.91699279
 -190.91699279 -190.91699279 -190.91699279 -190.91699279 -190.91699279
 -190.91699279 -190.91699279 -193.36689259 -196.96220822 -197.91699279
 -197.91699279 -197.91699279 -200.31842065 -203.78247375 -209.57606093
 -211.91699279 -211.91699279 -214.41444672 -218.0804638  -219.41699279
 -219.41699279 -219.41699279 -219.41699279 -219.41699279 -219.41699279
 -218.46966957 -214.5426425  -210.05476834 -206.59071524 -202.2314968
 -197.91260902 -193.58933748 -190.91699279 -188.67562116 -185.59646284
 -183.91699279 -179.08958798 -175.72811504 -171.65427986 -169.91699279
 -169.91699279 -165.44905692 -162.91699279 -162.91699279 -162.91699279
 -162.91699279 -162.91699279 -162.91699279 -162.91699279 -162.91699279
 -162.91699279 -162.91699279 -163.83626884 -167.37090061 -169.91699279
 -169.91699279 -169.91699279 -173.31278437 -176.91699279 -176.91699279
 -176.91699279 -179.30702285 -182.77107596 -188.55326534 -190.91699279
 -190.91699279 -193.12728838 -196.59134149 -197.91699279 -197.91699279
 -197.91699279 -199.94755391 -203.41160702 -204.91699279 -204.91699279
 -204.91699279 -204.91699279 -204.91699279 -204.91699279 -204.91699279
 -204.91699279 -204.91699279 -204.91699279 -204.91699279 -204.91699279
 -204.91699279 -204.91699279 -204.91699279 -204.91699279 -204.91699279
 -204.91699279 -204.91699279 -204.91699279 -204.91699279 -204.91699279
 -204.91699279 -204.91699279 -204.91699279 -204.91699279 -204.91699279
 -208.6431952  -211.91699279 -211.91699279 -211.91699279 -211.91699279
 -215.52420722 -220.2238923  -223.82139921 -226.91699279 -226.91699279
 -229.17244119 -233.00567015 -233.91699279 -233.91699279 -233.91699279
 -236.11589059 -239.57994369 -240.91699279 -240.91699279 -240.91699279
 -240.91699279 -240.91699279 -240.91699279 -240.91699279 -240.91699279
 -240.91699279 -240.91699279 -240.91699279 -240.91699279 -240.91699279
 -240.91699279 -240.91699279 -242.25408803 -245.17118539 -247.91699279
 -247.91699279 -247.91699279 -247.91699279 -247.91699279 -247.91699279
 -247.91699279 -247.91699279 -247.91699279 -247.91699279 -251.97986854
 -254.91699279 -254.91699279 -256.84058999 -260.30464309 -265.6203996
 -268.91699279 -270.78420089 -273.70129824 -275.91699279 -279.26093067
 -284.76286326 -291.64254871 -299.0076317  -302.70042851 -307.90146173
 -311.91699279 -315.04598762 -320.88018233 -325.91699279 -325.91699279]",Not in free-span,73.97590332929849
0.0,0.0,196.0487306565511,"[-9.83977669e+02 -9.80024763e+02 -9.76071857e+02 -9.72118951e+02
 -9.68166045e+02 -9.64213140e+02 -9.60260234e+02 -9.56307328e+02
 -9.52354422e+02 -9.48401516e+02 -9.44448611e+02 -9.40495705e+02
 -9.36542799e+02 -9.32589893e+02 -9.28636987e+02 -9.24684081e+02
 -9.20731176e+02 -9.16778270e+02 -9.12825364e+02 -9.08872458e+02
 -9.04919552e+02 -9.00966647e+02 -8.97013741e+02 -8.93060835e+02
 -8.89107929e+02 -8.85155023e+02 -8.81202118e+02 -8.77249212e+02
 -8.73296306e+02 -8.69343400e+02 -8.65390494e+02 -8.61437589e+02
 -8.57484683e+02 -8.53531777e+02 -8.49578871e+02 -8.45625965e+02
 -8.41673059e+02 -8.37720154e+02 -8.33767248e+02 -8.29814342e+02
 -8.25861436e+02 -8.21908530e+02 -8.17955625e+02 -8.14002719e+02
 -8.10049813e+02 -8.06096907e+02 -8.02144001e+02 -7.98191096e+02
 -7.94238190e+02 -7.90285284e+02 -7.86332378e+02 -7.82379472e+02
 -7.78426566e+02 -7.74473661e+02 -7.70520755e+02 -7.66567849e+02
 -7.62614943e+02 -7.58662037e+02 -7.54709132e+02 -7.50756226e+02
 -7.46803320e+02 -7.42850414e+02 -7.38897508e+02 -7.34944603e+02
 -7.30991697e+02 -7.27038791e+02 -7.23085885e+02 -7.19132979e+02
 -7.15180073e+02 -7.11227168e+02 -7.07274262e+02 -7.03321356e+02
 -6.99368450e+02 -6.95415544e+02 -6.91462639e+02 -6.87509733e+02
 -6.83556827e+02 -6.79603921e+02 -6.75651015e+02 -6.71698110e+02
 -6.67745204e+02 -6.63792298e+02 -6.59839392e+02 -6.55886486e+02
 -6.51933580e+02 -6.47980675e+02 -6.44027769e+02 -6.40074863e+02
 -6.36121957e+02 -6.32169051e+02 -6.28216146e+02 -6.24263240e+02
 -6.20310334e+02 -6.16357428e+02 -6.12404522e+02 -6.08451617e+02
 -6.04498711e+02 -6.00545805e+02 -5.96592899e+02 -5.92639993e+02
 -5.88687088e+02 -5.84734182e+02 -5.80781276e+02 -5.76828370e+02
 -5.72875464e+02 -5.68922558e+02 -5.64969653e+02 -5.61016747e+02
 -5.57063841e+02 -5.53110935e+02 -5.49158029e+02 -5.45205124e+02
 -5.41252218e+02 -5.37299312e+02 -5.33346406e+02 -5.29393500e+02
 -5.25440595e+02 -5.21487689e+02 -5.17534783e+02 -5.13581877e+02
 -5.09628971e+02 -5.05676065e+02 -5.01723160e+02 -4.97770254e+02
 -4.93817348e+02 -4.89864442e+02 -4.85911536e+02 -4.81958631e+02
 -4.78005725e+02 -4.74052819e+02 -4.70099913e+02 -4.66147007e+02
 -4.62194102e+02 -4.58241196e+02 -4.54288290e+02 -4.50335384e+02
 -4.46382478e+02 -4.42429572e+02 -4.38476667e+02 -4.34523761e+02
 -4.30570855e+02 -4.26617949e+02 -4.22665043e+02 -4.18712138e+02
 -4.14759232e+02 -4.10806326e+02 -4.06853420e+02 -4.02900514e+02
 -3.98947609e+02 -3.94994703e+02 -3.91041797e+02 -3.87088891e+02
 -3.83135985e+02 -3.79183079e+02 -3.75230174e+02 -3.71277268e+02
 -3.67324362e+02 -3.63371456e+02 -3.59418550e+02 -3.55465645e+02
 -3.51512739e+02 -3.47559833e+02 -3.43606927e+02 -3.39654021e+02
 -3.35701116e+02 -3.31748210e+02 -3.27795304e+02 -3.23842398e+02
 -3.19889492e+02 -3.15936587e+02 -3.11983681e+02 -3.08030775e+02
 -3.04077869e+02 -3.00124963e+02 -2.96172057e+02 -2.92219152e+02
 -2.88266246e+02 -2.84313340e+02 -2.80360434e+02 -2.76407528e+02
 -2.72454623e+02 -2.68501717e+02 -2.64548811e+02 -2.60595905e+02
 -2.56642999e+02 -2.52690094e+02 -2.48737188e+02 -2.44784282e+02
 -2.40831376e+02 -2.36878470e+02 -2.32925564e+02 -2.28972659e+02
 -2.25019753e+02 -2.21066847e+02 -2.17113941e+02 -2.13161035e+02
 -2.09208130e+02 -2.05255224e+02 -2.01302318e+02 -1.97349412e+02
 -1.93396506e+02 -1.89443601e+02 -1.85490695e+02 -1.81537789e+02
 -1.77584883e+02 -1.73631977e+02 -1.69679071e+02 -1.65726166e+02
 -1.61773260e+02 -1.57820354e+02 -1.53867448e+02 -1.49914542e+02
 -1.45961637e+02 -1.42008731e+02 -1.38055825e+02 -1.34102919e+02
 -1.30150013e+02 -1.26197108e+02 -1.22244202e+02 -1.18291296e+02
 -1.14338390e+02 -1.10385484e+02 -1.06432578e+02 -1.02479673e+02
 -9.85267669e+01 -9.45738611e+01 -9.06209552e+01 -8.66680494e+01
 -8.27151436e+01 -7.87622378e+01 -7.48093320e+01 -7.08564262e+01
 -6.69035204e+01 -6.29506146e+01 -5.89977088e+01 -5.50448029e+01
 -5.10918971e+01 -4.71389913e+01 -4.31860855e+01 -3.92331797e+01
 -3.52802739e+01 -3.13273681e+01 -2.73744623e+01 -2.34215564e+01
 -1.94686506e+01 -1.55157448e+01 -1.15628390e+01 -7.60993320e+00
 -3.65702739e+00  2.95878423e-01  4.24878423e+00  8.20169005e+00
  1.21545959e+01  1.61075017e+01  2.00604075e+01  2.40133133e+01
  2.79662191e+01  3.19191249e+01  3.58720307e+01  3.98249365e+01
  4.37778424e+01  4.77307482e+01  5.16836540e+01  5.56365598e+01
  5.95894656e+01  6.35423714e+01  6.74952772e+01  7.14481830e+01
  7.54010888e+01  7.93539947e+01  8.33069005e+01  8.72598063e+01
  9.12127121e+01  9.51656179e+01  9.91185237e+01  1.03071430e+02
  1.07024335e+02  1.10977241e+02  1.14930147e+02  1.18883053e+02
  1.22835959e+02  1.26788864e+02  1.30741770e+02  1.34694676e+02
  1.38647582e+02  1.42600488e+02  1.46553393e+02  1.50506299e+02
  1.54459205e+02  1.58412111e+02  1.62365017e+02  1.66317923e+02
  1.70270828e+02  1.74223734e+02  1.78176640e+02  1.82129546e+02
  1.86082452e+02  1.90035357e+02  1.93988263e+02  1.97941169e+02
  2.01894075e+02  2.05846981e+02  2.09799886e+02  2.13752792e+02
  2.17705698e+02  2.21658604e+02  2.25611510e+02  2.29564415e+02
  2.33517321e+02  2.37470227e+02  2.41423133e+02  2.45376039e+02
  2.49328945e+02  2.53281850e+02  2.57234756e+02  2.61187662e+02
  2.65140568e+02  2.69093474e+02  2.73046379e+02  2.76999285e+02
  2.80952191e+02  2.84905097e+02  2.88858003e+02  2.92810908e+02
  2.96763814e+02  3.00716720e+02  3.04669626e+02  3.08622532e+02
  3.12575438e+02  3.16528343e+02  3.20481249e+02  3.24434155e+02
  3.28387061e+02  3.32339967e+02  3.36292872e+02  3.40245778e+02
  3.44198684e+02  3.48151590e+02  3.52104496e+02  3.56057401e+02
  3.60010307e+02  3.63963213e+02  3.67916119e+02  3.71869025e+02
  3.75821931e+02  3.79774836e+02  3.83727742e+02  3.87680648e+02
  3.91633554e+02  3.95586460e+02  3.99539365e+02  4.03492271e+02
  4.07445177e+02  4.11398083e+02  4.15350989e+02  4.19303894e+02
  4.23256800e+02  4.27209706e+02  4.31162612e+02  4.35115518e+02
  4.39068424e+02  4.43021329e+02  4.46974235e+02  4.50927141e+02
  4.54880047e+02  4.58832953e+02  4.62785858e+02  4.66738764e+02
  4.70691670e+02  4.74644576e+02  4.78597482e+02  4.82550387e+02
  4.86503293e+02  4.90456199e+02  4.94409105e+02  4.98362011e+02
  5.02314916e+02  5.06267822e+02  5.10220728e+02  5.14173634e+02
  5.18126540e+02  5.22079446e+02  5.26032351e+02  5.29985257e+02
  5.33938163e+02  5.37891069e+02  5.41843975e+02  5.45796880e+02
  5.49749786e+02  5.53702692e+02  5.57655598e+02  5.61608504e+02
  5.65561409e+02  5.69514315e+02  5.73467221e+02  5.77420127e+02
  5.81373033e+02  5.85325939e+02  5.89278844e+02  5.93231750e+02
  5.97184656e+02  6.01137562e+02  6.05090468e+02  6.09043373e+02
  6.12996279e+02  6.16949185e+02  6.20902091e+02  6.24854997e+02
  6.28807902e+02  6.32760808e+02  6.36713714e+02  6.40666620e+02
  6.44619526e+02  6.48572432e+02  6.52525337e+02  6.56478243e+02
  6.60431149e+02  6.64384055e+02  6.68336961e+02  6.72289866e+02
  6.76242772e+02  6.80195678e+02  6.84148584e+02  6.88101490e+02
  6.92054395e+02  6.96007301e+02  6.99960207e+02  7.03913113e+02
  7.07866019e+02  7.11818925e+02  7.15771830e+02  7.19724736e+02
  7.23677642e+02  7.27630548e+02  7.31583454e+02  7.35536359e+02
  7.39489265e+02  7.43442171e+02  7.47395077e+02  7.51347983e+02
  7.55300888e+02  7.59253794e+02  7.63206700e+02  7.67159606e+02
  7.71112512e+02  7.75065418e+02  7.79018323e+02  7.82971229e+02
  7.86924135e+02  7.90877041e+02  7.94829947e+02  7.98782852e+02
  8.02735758e+02  8.06688664e+02  8.10641570e+02  8.14594476e+02
  8.18547381e+02  8.22500287e+02  8.26453193e+02  8.30406099e+02
  8.34359005e+02  8.38311910e+02  8.42264816e+02  8.46217722e+02
  8.50170628e+02  8.54123534e+02  8.58076440e+02  8.62029345e+02
  8.65982251e+02  8.69935157e+02  8.73888063e+02  8.77840969e+02
  8.81793874e+02  8.85746780e+02  8.89699686e+02  8.93652592e+02
  8.97605498e+02  9.01558403e+02  9.05511309e+02  9.09464215e+02
  9.13417121e+02  9.17370027e+02  9.21322933e+02  9.25275838e+02
  9.29228744e+02  9.33181650e+02  9.37134556e+02  9.41087462e+02
  9.45040367e+02  9.48993273e+02  9.52946179e+02  9.56899085e+02
  9.60851991e+02  9.64804896e+02  9.68757802e+02  9.72710708e+02
  9.76663614e+02  9.80616520e+02  9.84569426e+02  9.88522331e+02]","[-292.94120735 -292.23906623 -289.32639879 -286.41373135 -285.94120735
 -279.3532815  -275.68845184 -272.22965926 -267.18569633 -265.12664072
 -264.94120735 -264.94120735 -264.94120735 -260.49475194 -258.22965926
 -257.94120735 -255.10052599 -251.64173341 -250.94120735 -250.94120735
 -250.94120735 -250.94120735 -250.94120735 -247.52437369 -244.05518531
 -243.94120735 -243.72366701 -240.6029519  -237.48223678 -236.44120735
 -231.50688456 -227.62470627 -222.60666327 -218.92605204 -215.46725946
 -214.08950395 -210.13659813 -207.94120735 -205.13208912 -201.67329653
 -196.85115224 -194.15663822 -191.34601697 -188.43334953 -186.94120735
 -183.10019199 -180.0520958  -179.94120735 -178.30518531 -173.34495234
 -172.4034652  -169.10937703 -165.81528885 -165.44120735 -165.44120735
 -162.40704581 -158.56803478 -157.94120735 -157.94120735 -155.19909154
 -152.2864241  -150.94120735 -146.89849693 -144.36424092 -143.94120735
 -141.36968932 -137.91089673 -136.94120735 -136.94120735 -136.94120735
 -135.32096687 -130.39229703 -129.94120735 -129.94120735 -129.94120735
 -129.94120735 -129.94120735 -129.94120735 -129.94120735 -129.94120735
 -129.94120735 -129.94120735 -129.83365892 -126.75917663 -123.68469433
 -122.94120735 -122.94120735 -122.94120735 -122.94120735 -122.94120735
 -122.94120735 -122.94120735 -122.94120735 -122.94120735 -122.94120735
 -122.94120735 -116.853031   -115.94120735 -115.94120735 -115.94120735
 -115.94120735 -115.94120735 -115.94120735 -115.94120735 -120.01285064
 -122.52781807 -122.94120735 -122.94120735 -122.94120735 -122.94120735
 -122.94120735 -122.94120735 -122.94120735 -122.94120735 -122.94120735
 -122.94120735 -118.29879753 -116.16434112 -115.94120735 -115.94120735
 -115.94120735 -115.35055236 -112.43788492 -109.52521748 -108.94120735
 -108.94120735 -108.94120735 -108.94120735 -103.74030555 -101.94120735
 -101.94120735 -101.94120735 -101.94120735  -96.81032058  -94.44120735
  -94.44120735  -94.44120735  -94.44120735  -94.44120735  -94.44120735
  -88.0534318   -86.94120735  -86.94120735  -86.94120735  -86.94120735
  -89.58399292  -92.8780811   -94.44120735  -94.44120735  -94.44120735
  -94.44120735  -91.87068495  -88.08053519  -86.94120735  -86.94120735
  -86.94120735  -86.94120735  -86.94120735  -83.5290497   -80.26652465
  -75.39348691  -72.98228952  -72.94120735  -72.94120735  -72.94120735
  -68.70254252  -66.29892278  -65.94120735  -65.94120735  -65.94120735
  -65.94120735  -65.94120735  -65.94120735  -65.94120735  -65.94120735
  -69.56176096  -72.37745485  -72.94120735  -72.94120735  -75.57183703
  -78.48450447  -79.94120735  -85.79892278  -86.94120735  -86.94120735
  -90.17488783  -93.76536414  -98.83385728 -101.7351642  -104.59324828
 -107.50591572 -108.94120735 -108.94120735 -110.21469182 -114.44984964
 -115.94120735 -115.94120735 -115.94120735 -115.94120735 -115.94120735
 -118.19972439 -121.65851697 -122.94120735 -122.94120735 -122.94120735
 -121.51836166 -119.50754837 -117.48991936 -115.47229035 -113.45466134
 -111.43703234 -109.41940333 -106.3021793  -102.84338671  -96.46275044
  -94.44120735  -94.44120735  -94.44120735  -91.32998491  -88.03589673
  -86.94120735  -86.94120735  -86.94120735  -86.94120735  -86.94120735
  -86.94120735  -86.94120735  -86.94120735  -86.94120735  -86.94120735
  -86.94120735  -86.94120735  -88.51098521  -93.10287567  -94.44120735
  -94.44120735  -94.44120735  -94.44120735  -97.18419333 -100.4782815
 -101.94120735 -101.94120735 -101.94120735 -101.94120735 -105.23429353
 -108.26829904 -108.94120735 -108.94120735 -111.26408841 -114.51942261
 -115.94120735 -115.94120735 -115.94120735 -115.94120735 -115.94120735
 -115.94120735 -115.94120735 -115.94120735 -115.94120735 -115.94120735
 -115.94120735 -115.94120735 -115.94120735 -115.94120735 -115.94120735
 -115.94120735 -115.94120735 -115.94120735 -120.104033   -122.94120735
 -122.94120735 -122.94120735 -122.94120735 -126.90613721 -129.54579152
 -135.2771292  -136.94120735 -136.94120735 -140.75771537 -143.0851828
 -144.32046587 -145.55574894 -146.791032   -148.02631507 -149.26159813
 -150.4968812  -153.15588671 -156.6146793  -154.74281056 -151.6456788
 -150.94120735 -150.94120735 -150.94120735 -150.94120735 -150.94120735
 -150.94120735 -150.94120735 -150.94120735 -150.94120735 -150.94120735
 -150.94120735 -150.94120735 -150.94120735 -150.94120735 -150.94120735
 -150.94120735 -152.07397288 -156.02769282 -157.94120735 -157.94120735
 -157.94120735 -159.02103692 -163.1118762  -165.44120735 -165.44120735
 -165.44120735 -165.44120735 -169.87936939 -172.94120735 -172.94120735
 -172.94120735 -172.94120735 -172.94120735 -172.94120735 -172.94120735
 -175.29879753 -178.75759012 -179.94120735 -179.94120735 -179.94120735
 -179.94120735 -179.94120735 -179.94120735 -179.94120735 -179.94120735
 -179.94120735 -179.94120735 -179.94120735 -179.94120735 -179.94120735
 -179.94120735 -179.94120735 -179.94120735 -179.94120735 -175.04190876
 -171.53567288 -167.22197413 -163.07575611 -159.30721806 -157.94120735
 -157.94120735 -157.94120735 -155.82121737 -152.36242479 -146.86605705
 -142.94302349 -139.25846687 -135.02725445 -131.56846186 -129.94120735
 -129.04604202 -125.56752248 -122.94120735 -122.94120735 -122.94120735
 -122.94120735 -122.94120735 -122.94120735 -122.94120735 -122.94120735
 -122.94120735 -127.36530555 -129.94120735 -129.94120735 -129.94120735
 -129.94120735 -129.94120735 -130.92360966 -134.57660314 -136.94120735
 -136.94120735 -140.54115725 -143.94120735 -143.94120735 -143.94120735
 -143.94120735 -143.94120735 -143.94120735 -143.94120735 -143.94120735
 -143.94120735 -143.94120735 -143.94120735 -143.94120735 -143.94120735
 -143.94120735 -143.94120735 -143.94120735 -143.94120735 -144.90782809
 -148.52925846 -150.94120735 -150.94120735 -150.94120735 -151.80480956
 -155.22020284 -157.94120735 -157.94120735 -161.76743123 -165.44120735
 -165.44120735 -167.794176   -171.56139856 -172.94120735 -172.94120735
 -172.94120735 -175.04892278 -178.50771537 -176.90325645 -173.69916076
 -172.94120735 -172.94120735 -172.94120735 -172.94120735 -170.15273567
 -167.03202056 -165.44120735 -165.44120735 -162.90513083 -159.06635126
 -157.94120735 -156.84000495 -152.70611216 -150.94120735 -150.94120735
 -150.94120735 -150.94120735 -150.94120735 -150.94120735 -150.94120735
 -150.94120735 -150.94120735 -154.76385264 -157.94120735 -157.94120735
 -157.94120735 -157.94120735 -157.94120735 -159.81183385 -163.53226234
 -165.44120735 -165.44120735 -168.6538827  -174.0520958  -178.10019199
 -179.94120735 -185.13601803 -190.96135291 -194.90663822 -198.81990224
 -202.98579653 -206.44458912 -213.8277304  -221.32265775 -226.51084663
 -232.88096186 -240.29266026 -243.94120735 -247.40112719 -250.94120735
 -252.57372238 -256.03251497 -260.26635765 -264.70010014 -268.89273541
 -271.94120735 -273.95033672 -277.02481902 -278.94120735 -278.94120735
 -279.98892779 -283.77255755 -285.94120735 -285.94120735 -289.8024298
 -292.94120735 -294.86600432 -297.77867176 -299.94120735 -299.94120735
 -300.92359767 -304.52058445 -309.06929404 -312.76012387 -317.9782815
 -321.94120735 -323.51899451 -326.43166195 -328.94120735 -328.94120735]",Not in free-span,89.89794634775488
0.0,0.0,196.1093192811093,"[-987.         -983.04108217 -979.08216433 -975.1232465  -971.16432866
 -967.20541083 -963.24649299 -959.28757516 -955.32865732 -951.36973948
 -947.41082165 -943.45190381 -939.49298598 -935.53406814 -931.57515031
 -927.61623247 -923.65731463 -919.6983968  -915.73947896 -911.78056113
 -907.82164329 -903.86272546 -899.90380762 -895.94488978 -891.98597195
 -888.02705411 -884.06813628 -880.10921844 -876.15030061 -872.19138277
 -868.23246493 -864.2735471  -860.31462926 -856.35571143 -852.39679359
 -848.43787576 -844.47895792 -840.52004009 -836.56112225 -832.60220441
 -828.64328658 -824.68436874 -820.72545091 -816.76653307 -812.80761524
 -808.8486974  -804.88977956 -800.93086173 -796.97194389 -793.01302606
 -789.05410822 -785.09519039 -781.13627255 -777.17735471 -773.21843688
 -769.25951904 -765.30060121 -761.34168337 -757.38276554 -753.4238477
 -749.46492986 -745.50601203 -741.54709419 -737.58817636 -733.62925852
 -729.67034069 -725.71142285 -721.75250501 -717.79358718 -713.83466934
 -709.87575151 -705.91683367 -701.95791584 -697.998998   -694.04008017
 -690.08116233 -686.12224449 -682.16332666 -678.20440882 -674.24549099
 -670.28657315 -666.32765532 -662.36873748 -658.40981964 -654.45090181
 -650.49198397 -646.53306614 -642.5741483  -638.61523047 -634.65631263
 -630.69739479 -626.73847696 -622.77955912 -618.82064129 -614.86172345
 -610.90280562 -606.94388778 -602.98496994 -599.02605211 -595.06713427
 -591.10821644 -587.1492986  -583.19038077 -579.23146293 -575.2725451
 -571.31362726 -567.35470942 -563.39579159 -559.43687375 -555.47795592
 -551.51903808 -547.56012025 -543.60120241 -539.64228457 -535.68336674
 -531.7244489  -527.76553107 -523.80661323 -519.8476954  -515.88877756
 -511.92985972 -507.97094189 -504.01202405 -500.05310622 -496.09418838
 -492.13527055 -488.17635271 -484.21743487 -480.25851704 -476.2995992
 -472.34068137 -468.38176353 -464.4228457  -460.46392786 -456.50501002
 -452.54609219 -448.58717435 -444.62825652 -440.66933868 -436.71042085
 -432.75150301 -428.79258518 -424.83366734 -420.8747495  -416.91583167
 -412.95691383 -408.997996   -405.03907816 -401.08016033 -397.12124249
 -393.16232465 -389.20340682 -385.24448898 -381.28557115 -377.32665331
 -373.36773548 -369.40881764 -365.4498998  -361.49098197 -357.53206413
 -353.5731463  -349.61422846 -345.65531063 -341.69639279 -337.73747495
 -333.77855712 -329.81963928 -325.86072145 -321.90180361 -317.94288578
 -313.98396794 -310.02505011 -306.06613227 -302.10721443 -298.1482966
 -294.18937876 -290.23046093 -286.27154309 -282.31262526 -278.35370742
 -274.39478958 -270.43587175 -266.47695391 -262.51803608 -258.55911824
 -254.60020041 -250.64128257 -246.68236473 -242.7234469  -238.76452906
 -234.80561123 -230.84669339 -226.88777556 -222.92885772 -218.96993988
 -215.01102205 -211.05210421 -207.09318638 -203.13426854 -199.17535071
 -195.21643287 -191.25751504 -187.2985972  -183.33967936 -179.38076153
 -175.42184369 -171.46292586 -167.50400802 -163.54509019 -159.58617235
 -155.62725451 -151.66833668 -147.70941884 -143.75050101 -139.79158317
 -135.83266534 -131.8737475  -127.91482966 -123.95591183 -119.99699399
 -116.03807616 -112.07915832 -108.12024049 -104.16132265 -100.20240481
  -96.24348698  -92.28456914  -88.32565131  -84.36673347  -80.40781564
  -76.4488978   -72.48997996  -68.53106213  -64.57214429  -60.61322646
  -56.65430862  -52.69539079  -48.73647295  -44.77755512  -40.81863728
  -36.85971944  -32.90080161  -28.94188377  -24.98296594  -21.0240481
  -17.06513027  -13.10621243   -9.14729459   -5.18837676   -1.22945892
    2.72945891    6.68837675   10.64729458   14.60621242   18.56513026
   22.52404809   26.48296593   30.44188376   34.4008016    38.35971943
   42.31863727   46.27755511   50.23647294   54.19539078   58.15430861
   62.11322645   66.07214428   70.03106212   73.98997995   77.94889779
   81.90781563   85.86673346   89.8256513    93.78456913   97.74348697
  101.7024048   105.66132264  109.62024048  113.57915831  117.53807615
  121.49699398  125.45591182  129.41482965  133.37374749  137.33266533
  141.29158316  145.250501    149.20941883  153.16833667  157.1272545
  161.08617234  165.04509018  169.00400801  172.96292585  176.92184368
  180.88076152  184.83967935  188.79859719  192.75751503  196.71643286
  200.6753507   204.63426853  208.59318637  212.5521042   216.51102204
  220.46993987  224.42885771  228.38777555  232.34669338  236.30561122
  240.26452905  244.22344689  248.18236472  252.14128256  256.1002004
  260.05911823  264.01803607  267.9769539   271.93587174  275.89478957
  279.85370741  283.81262525  287.77154308  291.73046092  295.68937875
  299.64829659  303.60721442  307.56613226  311.5250501   315.48396793
  319.44288577  323.4018036   327.36072144  331.31963927  335.27855711
  339.23747494  343.19639278  347.15531062  351.11422845  355.07314629
  359.03206412  362.99098196  366.94989979  370.90881763  374.86773547
  378.8266533   382.78557114  386.74448897  390.70340681  394.66232464
  398.62124248  402.58016032  406.53907815  410.49799599  414.45691382
  418.41583166  422.37474949  426.33366733  430.29258517  434.251503
  438.21042084  442.16933867  446.12825651  450.08717434  454.04609218
  458.00501002  461.96392785  465.92284569  469.88176352  473.84068136
  477.79959919  481.75851703  485.71743486  489.6763527   493.63527054
  497.59418837  501.55310621  505.51202404  509.47094188  513.42985971
  517.38877755  521.34769539  525.30661322  529.26553106  533.22444889
  537.18336673  541.14228456  545.1012024   549.06012024  553.01903807
  556.97795591  560.93687374  564.89579158  568.85470941  572.81362725
  576.77254509  580.73146292  584.69038076  588.64929859  592.60821643
  596.56713426  600.5260521   604.48496993  608.44388777  612.40280561
  616.36172344  620.32064128  624.27955911  628.23847695  632.19739478
  636.15631262  640.11523046  644.07414829  648.03306613  651.99198396
  655.9509018   659.90981963  663.86873747  667.82765531  671.78657314
  675.74549098  679.70440881  683.66332665  687.62224448  691.58116232
  695.54008016  699.49899799  703.45791583  707.41683366  711.3757515
  715.33466933  719.29358717  723.25250501  727.21142284  731.17034068
  735.12925851  739.08817635  743.04709418  747.00601202  750.96492985
  754.92384769  758.88276553  762.84168336  766.8006012   770.75951903
  774.71843687  778.6773547   782.63627254  786.59519038  790.55410821
  794.51302605  798.47194388  802.43086172  806.38977955  810.34869739
  814.30761523  818.26653306  822.2254509   826.18436873  830.14328657
  834.1022044   838.06112224  842.02004008  845.97895791  849.93787575
  853.89679358  857.85571142  861.81462925  865.77354709  869.73246492
  873.69138276  877.6503006   881.60921843  885.56813627  889.5270541
  893.48597194  897.44488977  901.40380761  905.36272545  909.32164328
  913.28056112  917.23947895  921.19839679  925.15731462  929.11623246
  933.0751503   937.03406813  940.99298597  944.9519038   948.91082164
  952.86973947  956.82865731  960.78757515  964.74649298  968.70541082
  972.66432865  976.62324649  980.58216432  984.54108216  988.5       ]","[-380.39794003 -379.59043027 -376.25660473 -372.92277918 -372.39794003
 -372.39794003 -372.39794003 -372.39794003 -372.39794003 -372.39794003
 -372.39794003 -372.39794003 -372.39794003 -372.39794003 -372.39794003
 -365.63040496 -364.39794003 -364.39794003 -364.39794003 -364.39794003
 -364.39794003 -364.28956538 -361.16410394 -358.03864249 -356.89794003
 -356.89794003 -354.64266024 -349.54883392 -349.39794003 -349.39794003
 -349.39794003 -349.39794003 -349.39794003 -345.75365145 -341.79473362
 -341.39794003 -341.39794003 -334.43802019 -333.39794003 -333.39794003
 -332.67649714 -329.3426716  -326.00884605 -325.39794003 -325.39794003
 -321.0631788  -318.35229555 -312.14330576 -310.39794003 -310.39794003
 -310.00159178 -306.4825537  -302.96351562 -302.39794003 -302.39794003
 -302.39794003 -302.39794003 -296.91046508 -294.58932279 -294.39794003
 -294.39794003 -294.39794003 -294.39794003 -294.39794003 -294.39794003
 -291.06828071 -287.10936287 -286.39794003 -286.39794003 -286.39794003
 -286.29984911 -283.17438766 -280.04892621 -278.89794003 -278.89794003
 -278.89794003 -278.89794003 -274.82940455 -271.74356118 -271.39794003
 -271.39794003 -271.39794003 -271.39794003 -271.39794003 -271.39794003
 -271.39794003 -271.39794003 -267.97208832 -264.01317049 -263.39794003
 -263.39794003 -263.39794003 -263.39794003 -263.39794003 -263.39794003
 -263.39794003 -263.39794003 -260.38290997 -256.42399213 -255.39794003
 -255.39794003 -255.39794003 -255.39794003 -255.39794003 -251.30675766
 -247.86286989 -247.39794003 -247.39794003 -247.39794003 -247.39794003
 -247.39794003 -247.39794003 -247.39794003 -247.39794003 -247.39794003
 -247.39794003 -247.39794003 -247.39794003 -247.39794003 -247.39794003
 -247.39794003 -247.39794003 -247.39794003 -241.87251418 -239.89794003
 -239.89794003 -239.89794003 -239.89794003 -239.89794003 -239.89794003
 -236.84850783 -233.54940963 -232.39794003 -232.39794003 -230.65044504
 -225.2170783  -220.98511438 -217.02619654 -216.39794003 -216.39794003
 -213.24131098 -209.90748543 -208.39794003 -204.09901467 -199.80466103
 -194.71421887 -193.39794003 -193.39794003 -193.04439082 -189.71056528
 -186.37673973 -185.39794003 -185.39794003 -185.39794003 -185.39794003
 -180.13341097 -177.39794003 -177.39794003 -177.39794003 -177.39794003
 -177.39794003 -177.39794003 -177.39794003 -180.70154724 -184.66046508
 -185.39794003 -185.39794003 -185.39794003 -185.39794003 -185.39794003
 -185.39794003 -185.39794003 -185.39794003 -185.39794003 -185.39794003
 -185.39794003 -185.39794003 -185.39794003 -185.39794003 -185.39794003
 -185.39794003 -185.39794003 -180.35184784 -177.39794003 -177.39794003
 -177.39794003 -177.39794003 -177.39794003 -177.39794003 -177.39794003
 -177.39794003 -177.39794003 -177.39794003 -177.39794003 -177.39794003
 -177.39794003 -177.39794003 -177.39794003 -177.39794003 -177.39794003
 -177.39794003 -177.39794003 -177.39794003 -178.72810035 -183.32679774
 -185.39794003 -185.39794003 -185.39794003 -185.39794003 -187.66977782
 -191.39581814 -193.39794003 -193.39794003 -193.39794003 -197.81126449
 -202.07508423 -207.19606029 -211.48311037 -215.4420282  -216.39794003
 -216.39794003 -216.39794003 -219.27769955 -223.23661738 -228.59433281
 -231.77619654 -232.39794003 -234.77765709 -238.55361203 -239.99670899
 -244.23840668 -247.39794003 -249.8668779  -253.82579574 -255.39794003
 -255.39794003 -255.39794003 -255.39794003 -255.39794003 -255.39794003
 -255.39794003 -255.39794003 -255.39794003 -255.39794003 -255.39794003
 -255.39794003 -259.73862139 -262.82429273 -263.39794003 -263.39794003
 -263.39794003 -263.39794003 -263.39794003 -263.39794003 -263.39794003
 -263.39794003 -267.12238893 -270.79330218 -271.39794003 -271.39794003
 -271.39794003 -271.39794003 -271.39794003 -271.39794003 -272.74978658
 -277.62607359 -278.89794003 -278.89794003 -278.89794003 -278.89794003
 -278.89794003 -278.89794003 -278.89794003 -278.89794003 -278.89794003
 -278.89794003 -278.89794003 -278.89794003 -278.89794003 -278.89794003
 -278.89794003 -278.89794003 -278.89794003 -278.89794003 -278.89794003
 -278.89794003 -278.89794003 -278.89794003 -278.89794003 -278.89794003
 -278.89794003 -278.89794003 -278.89794003 -278.89794003 -278.89794003
 -278.89794003 -278.89794003 -278.89794003 -278.89794003 -278.89794003
 -278.89794003 -278.89794003 -278.89794003 -278.89794003 -278.89794003
 -278.89794003 -280.1382078  -284.18025138 -286.39794003 -286.39794003
 -286.39794003 -286.39794003 -286.39794003 -286.39794003 -286.39794003
 -286.39794003 -286.39794003 -286.39794003 -286.39794003 -286.39794003
 -286.39794003 -286.39794003 -286.39794003 -285.22774249 -280.77771552
 -278.89794003 -278.89794003 -278.89794003 -278.89794003 -278.89794003
 -278.89794003 -278.89794003 -278.89794003 -277.71344338 -273.76586365
 -271.39794003 -271.39794003 -271.39794003 -267.26739322 -263.39794003
 -263.39794003 -263.39794003 -260.59805454 -256.48912239 -255.39794003
 -253.98461337 -249.21958331 -247.39794003 -247.39794003 -247.39794003
 -246.27455039 -241.93436347 -239.89794003 -239.89794003 -236.37407956
 -233.07686932 -232.39794003 -232.39794003 -229.62523673 -226.29141118
 -224.39794003 -224.39794003 -222.26968352 -218.31076568 -216.39794003
 -216.39794003 -216.39794003 -216.39794003 -213.83637245 -210.31733437
 -208.39794003 -208.39794003 -207.23332508 -202.7963983  -198.30587064
 -194.6488741  -188.2917276  -185.39794003 -185.39794003 -185.39794003
 -185.39794003 -180.70254925 -176.24463342 -171.99964344 -167.41855753
 -163.68479242 -158.82534065 -155.08426595 -154.39794003 -154.39794003
 -154.39794003 -151.49262941 -146.50214845 -141.21843817 -138.39794003
 -138.39794003 -135.6664771  -131.70755927 -130.39794003 -130.39794003
 -130.39794003 -130.39794003 -130.39794003 -130.39794003 -130.39794003
 -130.39794003 -130.39794003 -130.39794003 -130.39794003 -130.39794003
 -130.39794003 -132.51317049 -136.47208832 -138.39794003 -139.39393201
 -143.32429273 -146.39794003 -146.39794003 -146.39794003 -147.13312468
 -151.39021028 -154.39794003 -154.39794003 -154.39794003 -154.39794003
 -159.16059033 -161.89794003 -161.89794003 -161.89794003 -161.89794003
 -166.27544504 -169.39794003 -169.39794003 -171.60936287 -175.56828071
 -181.65645706 -185.39794003 -185.39794003 -185.39794003 -185.39794003
 -189.24563542 -194.20483954 -197.80234645 -200.89794003 -200.89794003
 -203.36263037 -207.50365145 -210.29684896 -213.81588703 -216.39794003
 -216.39794003 -216.39794003 -221.25966348 -224.39794003 -224.39794003
 -226.70555526 -230.66447309 -234.15487495 -237.2803364  -239.89794003
 -239.89794003 -239.89794003 -243.68551518 -247.39794003 -247.39794003
 -247.39794003 -247.39794003 -248.92604888 -252.25987442 -255.39794003
 -255.39794003 -255.39794003 -257.85008241 -262.30699624 -263.39794003
 -263.39794003 -265.87784721 -269.21167276 -271.39794003 -275.75102119
 -280.06248188 -283.97626261 -288.59633682 -292.55525466 -298.63040496
 -302.39794003 -304.53189214 -307.86571769 -310.39794003 -310.39794003
 -311.19925695 -314.78366367 -319.65621067 -323.39270074 -325.39794003
 -325.39794003 -327.18593707 -330.51976262 -333.39794003 -333.39794003]",Free-span,56.188959091533604
0.0,0.0,198.7129161000183,"[-987.         -983.04108216 -979.08216433 -975.12324649 -971.16432866
 -967.20541082 -963.24649299 -959.28757515 -955.32865731 -951.36973948
 -947.41082164 -943.45190381 -939.49298597 -935.53406814 -931.5751503
 -927.61623247 -923.65731463 -919.69839679 -915.73947896 -911.78056112
 -907.82164329 -903.86272545 -899.90380762 -895.94488978 -891.98597194
 -888.02705411 -884.06813627 -880.10921844 -876.1503006  -872.19138277
 -868.23246493 -864.27354709 -860.31462926 -856.35571142 -852.39679359
 -848.43787575 -844.47895792 -840.52004008 -836.56112224 -832.60220441
 -828.64328657 -824.68436874 -820.7254509  -816.76653307 -812.80761523
 -808.8486974  -804.88977956 -800.93086172 -796.97194389 -793.01302605
 -789.05410822 -785.09519038 -781.13627255 -777.17735471 -773.21843687
 -769.25951904 -765.3006012  -761.34168337 -757.38276553 -753.4238477
 -749.46492986 -745.50601202 -741.54709419 -737.58817635 -733.62925852
 -729.67034068 -725.71142285 -721.75250501 -717.79358717 -713.83466934
 -709.8757515  -705.91683367 -701.95791583 -697.998998   -694.04008016
 -690.08116232 -686.12224449 -682.16332665 -678.20440882 -674.24549098
 -670.28657315 -666.32765531 -662.36873748 -658.40981964 -654.4509018
 -650.49198397 -646.53306613 -642.5741483  -638.61523046 -634.65631263
 -630.69739479 -626.73847695 -622.77955912 -618.82064128 -614.86172345
 -610.90280561 -606.94388778 -602.98496994 -599.0260521  -595.06713427
 -591.10821643 -587.1492986  -583.19038076 -579.23146293 -575.27254509
 -571.31362725 -567.35470942 -563.39579158 -559.43687375 -555.47795591
 -551.51903808 -547.56012024 -543.60120241 -539.64228457 -535.68336673
 -531.7244489  -527.76553106 -523.80661323 -519.84769539 -515.88877756
 -511.92985972 -507.97094188 -504.01202405 -500.05310621 -496.09418838
 -492.13527054 -488.17635271 -484.21743487 -480.25851703 -476.2995992
 -472.34068136 -468.38176353 -464.42284569 -460.46392786 -456.50501002
 -452.54609218 -448.58717435 -444.62825651 -440.66933868 -436.71042084
 -432.75150301 -428.79258517 -424.83366733 -420.8747495  -416.91583166
 -412.95691383 -408.99799599 -405.03907816 -401.08016032 -397.12124249
 -393.16232465 -389.20340681 -385.24448898 -381.28557114 -377.32665331
 -373.36773547 -369.40881764 -365.4498998  -361.49098196 -357.53206413
 -353.57314629 -349.61422846 -345.65531062 -341.69639279 -337.73747495
 -333.77855711 -329.81963928 -325.86072144 -321.90180361 -317.94288577
 -313.98396794 -310.0250501  -306.06613226 -302.10721443 -298.14829659
 -294.18937876 -290.23046092 -286.27154309 -282.31262525 -278.35370742
 -274.39478958 -270.43587174 -266.47695391 -262.51803607 -258.55911824
 -254.6002004  -250.64128257 -246.68236473 -242.72344689 -238.76452906
 -234.80561122 -230.84669339 -226.88777555 -222.92885772 -218.96993988
 -215.01102204 -211.05210421 -207.09318637 -203.13426854 -199.1753507
 -195.21643287 -191.25751503 -187.29859719 -183.33967936 -179.38076152
 -175.42184369 -171.46292585 -167.50400802 -163.54509018 -159.58617234
 -155.62725451 -151.66833667 -147.70941884 -143.750501   -139.79158317
 -135.83266533 -131.8737475  -127.91482966 -123.95591182 -119.99699399
 -116.03807615 -112.07915832 -108.12024048 -104.16132265 -100.20240481
  -96.24348697  -92.28456914  -88.3256513   -84.36673347  -80.40781563
  -76.4488978   -72.48997996  -68.53106212  -64.57214429  -60.61322645
  -56.65430862  -52.69539078  -48.73647295  -44.77755511  -40.81863727
  -36.85971944  -32.9008016   -28.94188377  -24.98296593  -21.0240481
  -17.06513026  -13.10621243   -9.14729459   -5.18837675   -1.22945892
    2.72945892    6.68837675   10.64729459   14.60621242   18.56513026
   22.5240481    26.48296593   30.44188377   34.4008016    38.35971944
   42.31863727   46.27755511   50.23647295   54.19539078   58.15430862
   62.11322645   66.07214429   70.03106212   73.98997996   77.9488978
   81.90781563   85.86673347   89.8256513    93.78456914   97.74348697
  101.70240481  105.66132265  109.62024048  113.57915832  117.53807615
  121.49699399  125.45591182  129.41482966  133.37374749  137.33266533
  141.29158317  145.250501    149.20941884  153.16833667  157.12725451
  161.08617234  165.04509018  169.00400802  172.96292585  176.92184369
  180.88076152  184.83967936  188.79859719  192.75751503  196.71643287
  200.6753507   204.63426854  208.59318637  212.55210421  216.51102204
  220.46993988  224.42885772  228.38777555  232.34669339  236.30561122
  240.26452906  244.22344689  248.18236473  252.14128256  256.1002004
  260.05911824  264.01803607  267.97695391  271.93587174  275.89478958
  279.85370741  283.81262525  287.77154309  291.73046092  295.68937876
  299.64829659  303.60721443  307.56613226  311.5250501   315.48396794
  319.44288577  323.40180361  327.36072144  331.31963928  335.27855711
  339.23747495  343.19639279  347.15531062  351.11422846  355.07314629
  359.03206413  362.99098196  366.9498998   370.90881764  374.86773547
  378.82665331  382.78557114  386.74448898  390.70340681  394.66232465
  398.62124248  402.58016032  406.53907816  410.49799599  414.45691383
  418.41583166  422.3747495   426.33366733  430.29258517  434.25150301
  438.21042084  442.16933868  446.12825651  450.08717435  454.04609218
  458.00501002  461.96392786  465.92284569  469.88176353  473.84068136
  477.7995992   481.75851703  485.71743487  489.67635271  493.63527054
  497.59418838  501.55310621  505.51202405  509.47094188  513.42985972
  517.38877755  521.34769539  525.30661323  529.26553106  533.2244489
  537.18336673  541.14228457  545.1012024   549.06012024  553.01903808
  556.97795591  560.93687375  564.89579158  568.85470942  572.81362725
  576.77254509  580.73146293  584.69038076  588.6492986   592.60821643
  596.56713427  600.5260521   604.48496994  608.44388778  612.40280561
  616.36172345  620.32064128  624.27955912  628.23847695  632.19739479
  636.15631263  640.11523046  644.0741483   648.03306613  651.99198397
  655.9509018   659.90981964  663.86873747  667.82765531  671.78657315
  675.74549098  679.70440882  683.66332665  687.62224449  691.58116232
  695.54008016  699.498998    703.45791583  707.41683367  711.3757515
  715.33466934  719.29358717  723.25250501  727.21142285  731.17034068
  735.12925852  739.08817635  743.04709419  747.00601202  750.96492986
  754.9238477   758.88276553  762.84168337  766.8006012   770.75951904
  774.71843687  778.67735471  782.63627254  786.59519038  790.55410822
  794.51302605  798.47194389  802.43086172  806.38977956  810.34869739
  814.30761523  818.26653307  822.2254509   826.18436874  830.14328657
  834.10220441  838.06112224  842.02004008  845.97895792  849.93787575
  853.89679359  857.85571142  861.81462926  865.77354709  869.73246493
  873.69138277  877.6503006   881.60921844  885.56813627  889.52705411
  893.48597194  897.44488978  901.40380762  905.36272545  909.32164329
  913.28056112  917.23947896  921.19839679  925.15731463  929.11623246
  933.0751503   937.03406814  940.99298597  944.95190381  948.91082164
  952.86973948  956.82865731  960.78757515  964.74649299  968.70541082
  972.66432866  976.62324649  980.58216433  984.54108216  988.5       ]","[-241.75355444 -240.5422898  -235.54155148 -230.54081317 -229.75355444
 -224.06167067 -218.12329392 -212.18491716 -203.4930334  -200.03085905
 -194.3697869  -193.06122241 -188.06048409 -183.05974577 -181.75355444
 -176.67790313 -173.24654041 -170.27735203 -162.41738209 -158.33897528
 -152.98601937 -151.66685472 -149.16648556 -146.6661164  -145.75355444
 -141.2941356  -137.77726111 -133.38361609 -127.59223179 -121.06951655
 -116.51507748 -114.8561346  -112.29664061 -109.65736205 -108.75355444
 -104.74616466 -102.93316366  -97.53361456  -94.17439612  -91.20520774
  -90.21247227  -87.71210311  -85.21173395  -82.32845424  -79.35926586
  -78.75355444  -78.75355444  -74.14984702  -72.75355444  -72.75355444
  -72.75355444  -72.75355444  -72.75355444  -71.3295636   -66.99929592
  -66.75355444  -66.75355444  -66.75355444  -66.75355444  -66.75355444
  -66.75355444  -66.75355444  -66.75355444  -66.75355444  -66.75355444
  -64.25630995  -61.28712157  -57.10012257  -55.05114963  -54.75355444
  -54.6750817   -52.17471254  -49.67434338  -48.75355444  -48.75355444
  -46.56442618  -43.5952378   -39.56229692  -37.05544393  -36.75355444
  -36.61875853  -34.11838937  -31.61802021  -30.75355444  -26.76081897
  -23.62254241  -19.35325384  -16.18416566  -13.21497728   -4.73786553
   -0.74467753    2.10198998    4.96120842    6.24644556    9.77700668
   11.90789346   16.8306139    20.50771811   23.47690648   24.51983445
   27.0202036    29.52057276   30.24644556   30.24644556   33.31483234
   35.89774817   36.24644556   36.24644556   36.24644556   35.91673351
   33.41636435   30.91599519   30.24644556   30.24644556   30.24644556
   30.24644556   30.24644556   30.24644556   25.51798865   24.24644556
   24.24644556   24.24644556   24.24644556   24.24644556   26.42580428
   29.39499266   30.24644556   30.24644556   34.35867001   36.24644556
   36.24644556   36.24644556   36.24644556   36.24644556   37.5570668
   41.63209186   42.24644556   42.24644556   41.53445014   38.141092
   36.24644556   36.24644556   36.24644556   32.73053875   29.43331931
   25.32297362   21.99494256   19.02575418   17.98128366   15.4809145
   12.98054534    7.62942851    1.57657641   -3.47779988   -6.15884778
  -10.70195123  -14.69694121  -17.93935461  -19.07503951  -21.57540867
  -24.07577783  -24.75355444  -24.75355444  -27.23125985  -30.20044823
  -34.37767768  -37.63882498  -41.78524281  -42.81557321  -45.31594237
  -47.81631153  -49.81424725  -53.55415564  -56.92314362  -59.89233199
  -60.75355444  -60.75355444  -64.84623981  -66.75355444  -69.05647607
  -71.55684523  -72.75355444  -76.53812358  -80.17181954  -84.11456217
  -87.30340414  -90.27259251  -91.45438467  -94.84774281  -96.75355444
  -96.75355444  -96.75355444  -96.75355444  -96.75355444  -96.75355444
  -96.75355444  -96.75355444  -96.75355444  -96.75355444  -96.75355444
  -96.75355444  -96.75355444  -99.79263259 -102.25117468 -103.26050382
 -104.02674598 -104.79298814 -105.55923031 -106.32547247 -107.09171463
 -107.85795679 -108.62419895 -111.22149031 -114.19067869 -118.36302338
 -121.62905544 -125.77058851 -126.81182888 -129.52056214 -132.22929539
 -134.28597412 -138.40830229 -141.91337408 -144.88256245 -145.75355444
 -146.78724682 -150.30841416 -151.75355444 -154.04824909 -156.54861825
 -157.75355444 -157.75355444 -159.60525784 -162.57444622 -163.75355444
 -163.75355444 -167.7043131  -169.75355444 -169.75355444 -169.75355444
 -169.75355444 -169.75355444 -170.90034802 -174.64771776 -175.75355444
 -175.75355444 -175.75355444 -175.75355444 -175.75355444 -175.75355444
 -175.75355444 -175.75355444 -176.74628991 -180.18554342 -181.75355444
 -181.75355444 -184.54689111 -187.19542389 -188.72243506 -190.24944622
 -191.77645739 -193.30346855 -194.83047972 -196.35749088 -197.88450205
 -199.41151321 -202.05766265 -205.02685103 -205.75355444 -205.75355444
 -205.75355444 -205.75355444 -205.75355444 -205.75355444 -205.75355444
 -205.75355444 -207.74954642 -210.7187348  -211.75355444 -211.75355444
 -211.75355444 -211.75355444 -211.75355444 -211.75355444 -211.75355444
 -211.75355444 -211.75355444 -211.75355444 -211.75355444 -211.75355444
 -211.75355444 -210.61164562 -206.87404542 -205.75355444 -205.75355444
 -202.51269772 -200.18867468 -199.75355444 -199.75355444 -197.40633368
 -194.90596452 -192.83886792 -189.33621977 -185.83947628 -182.8702879
 -178.97487207 -176.21261542 -173.92969619 -171.42932704 -169.75355444
 -167.20595925 -163.58596927 -159.79839412 -157.75355444 -157.75355444
 -155.40027645 -152.31467668 -151.75355444 -151.75355444 -151.75355444
 -151.75355444 -151.75355444 -147.59623981 -145.75355444 -145.75355444
 -147.73977688 -150.70896526 -151.75355444 -151.75355444 -151.75355444
 -151.75355444 -151.75355444 -151.75355444 -151.75355444 -151.75355444
 -151.75355444 -151.75355444 -151.75355444 -148.65564433 -145.75355444
 -145.75355444 -145.75355444 -145.75355444 -145.75355444 -141.45195123
 -139.75355444 -139.75355444 -139.75355444 -137.07887174 -134.2196533
 -133.25355444 -133.25355444 -131.31190644 -128.04301071 -126.75355444
 -126.75355444 -126.75355444 -126.75355444 -126.75355444 -126.75355444
 -126.75355444 -126.75355444 -126.75355444 -126.75355444 -129.3041625
 -132.52299473 -133.25355444 -133.25355444 -135.3348281  -138.19404653
 -139.75355444 -139.75355444 -139.75355444 -139.75355444 -141.73000734
 -144.69919572 -141.92389512 -139.75355444 -139.75355444 -139.75355444
 -139.75355444 -139.75355444 -139.75355444 -139.75355444 -137.84388604
 -134.64274458 -130.70891185 -127.46867006 -125.13663639 -122.63626723
 -120.75355444 -118.57457147 -114.83171075 -110.86892804 -108.75355444
 -108.75355444 -106.70495724 -103.73576887 -101.08031322  -98.57994406
  -96.75355444  -94.85901536  -91.88982698  -87.08772277  -84.75355444
  -84.75355444  -84.75355444  -84.75355444  -84.75355444  -84.75355444
  -84.75355444  -84.75355444  -84.75355444  -87.04075384  -90.00054843
  -90.75355444  -90.75355444  -90.75355444  -90.75355444  -91.30494293
  -94.49775713  -96.75355444  -96.75355444  -96.75355444  -96.75355444
 -100.56367468 -102.75355444 -102.75355444 -102.75355444 -102.75355444
 -102.75355444 -102.75355444 -102.75355444 -102.75355444 -102.75355444
 -102.75355444 -102.75355444 -102.75355444 -102.75355444 -102.75355444
 -102.75355444 -102.75355444 -102.75355444 -102.75355444 -102.75355444
 -104.68679592 -107.97242074 -110.17773613 -112.81701469 -114.75355444
 -114.75355444 -114.75355444 -118.39984702 -121.64972177 -124.89583901
 -130.50342919 -136.93667067 -141.15910238 -143.65947153 -145.75355444
 -147.33020774 -150.29939612 -154.78361456 -158.49566366 -161.43366466
 -165.17614963 -168.145338   -170.89963607 -173.40000523 -175.75355444
 -177.02209151 -179.99127989 -183.59266122 -186.93534659 -187.75355444
 -187.75355444 -189.61348482 -192.11385398 -193.75355444 -197.23601937
 -200.60876486 -203.77296827 -205.75355444 -205.75355444 -208.92790313
 -211.75355444 -213.35401852 -215.85438768 -217.75355444 -220.6197869
 -224.45470674 -227.31079392 -231.0942358  -234.06342418 -235.75355444
 -235.75355444 -238.43555001 -243.43628833 -247.75355444 -247.75355444]",Not in free-span,75.95506300046648
